{
  "rms_error": 0.5231191653028,
  "image_size": [
    800,
    600
  ],
  "square_size_m": 0.035,
  "marker_size_m": 0.026,
  "camera_matrix": [
    [
      1459.639683131928,
      0.0,
      381.4532866069634
    ],
    [
      0.0,
      1396.365445864436,
      290.5069993344562
    ],
    [
      0.0,
      0.0,
      1.0
    ]
  ],
  "dist_coeffs": [
    [
      0.3341690173248533,
      1.5085759552855125,
      0.05135225818101989,
      0.049715190893382555,
      -78.95794196999638
    ]
  ],
  "usable_images": 28,
  "total_images": 31,
  "skipped_images": [
    "my_imgs/calib_001.png",
    "my_imgs/calib_026.png",
    "my_imgs/calib_029.png"
  ]
}